id,Professionalism,Completeness,Helpfulness,ToneMatch,Grammar,Conciseness,LLMScore,Feedback
1,10,10,10,10,10,10,10.0,"A perfectly clear, concise, and professional response that directly confirms the user's inquiry and offers further assistance."
2,10,8,10,10,10,10,9.7,"An excellent, reassuring, and professional response that clearly outlines the next steps and sets a clear timeline for Olivia."
3,10,9,10,10,10,9,9.7,"This is an excellent, professional, and empathetic response. It addresses the user's urgency, clearly requests necessary information for troubleshooting, and provides reassurance regarding the deadline and potential alternative solutions. Flawless grammar and appropriate conciseness."
4,10,10,10,10,10,9,9.8,"This is an exceptionally well-crafted HR response. It is professional, directly answers all inquiries, provides clear actionable steps, and maintains a warm, supportive tone. Grammar is perfect and it's concise without sacrificing completeness or helpfulness."
5,10,9,9,10,10,9,9.5,"An excellent, professional, and comprehensive reply that effectively addresses all concerns and sets clear next steps."
6,10,10,10,10,10,9,9.8,"An exceptionally clear, professional, and helpful response that directly answers all questions, provides necessary context, and directs the user to further resources efficiently."
7,10,10,10,10,10,10,10.0,"An exceptionally clear, professional, and complete confirmation email."
8,10,10,10,10,10,10,10.0,"An exceptionally well-crafted, professional, and helpful response that perfectly addresses the sender's request with clear next steps."
9,10,6,8,10,10,9,8.8,"The reply is highly professional, grammatically perfect, and maintains an excellent tone. It's concise and effectively directs the sender to the comprehensive information on the HR intranet. However, it only provides a very high-level overview of 'how the program works' and defers the specific 'bonus structure' question without providing any direct details in the email, which slightly impacts its completeness and immediate helpfulness."
10,10,6,9,10,10,9,9.0,"This is a highly professional and supportive email. It sets the right tone with congratulations and clearly outlines the helpful next steps. While it doesn't provide the requested information directly in the email, it proposes a very efficient and personalized method (a meeting) to deliver that information comprehensively, which is often ideal for complex topics like maternity leave. The grammar and conciseness are excellent."
11,10,9,10,10,10,9,9.7,"An excellent, empathetic, and professional response that provides clear next steps and reassurance, perfectly addressing the sender's concerns."
12,10,9,9,10,10,9,9.5,"This is an excellent, empathetic, and professional response. It effectively acknowledges Maya's difficult situation, clearly communicates the necessary next step (confirming the exact date), and reassures her of the company's support. The tone is perfect for the circumstances."
13,10,9,10,10,10,9,9.7,"An exceptionally well-crafted reply that is empathetic, comprehensive, and highly helpful, guiding the employee clearly while offering personalized support."
14,10,10,10,10,10,9,9.8,"This is an exceptionally well-crafted HR response. It's empathetic, professional, reassuring, and proactive, offering a clear path forward for Chloe. The tone is perfect, and it addresses all her concerns directly and supportively."
15,10,9,10,10,10,9,9.7,"This is an excellent HR response. It is highly professional, empathetic, and effectively addresses the sender's sensitive concerns by proposing the most appropriate next step: a confidential discussion. It assures the sender of discretion and support while avoiding premature advice in writing, which is crucial in such situations."
16,10,9,10,10,10,9,9.7,"An exceptionally professional, empathetic, and clear response that effectively sets the stage for a supportive discussion."
17,10,10,10,10,10,9,9.8,"An exceptionally empathetic and professional HR response that comprehensively addresses the employee's concerns, validates their feelings, and clearly outlines the next steps for a confidential discussion."
18,10,9,10,10,10,9,9.7,"An empathetic, professional, and helpful response that effectively addresses the employee's concerns and outlines a clear path forward."
19,10,9,10,10,10,9,9.7,"This is an excellent professional reply. It effectively acknowledges the sender's aspirations, validates their feelings, and provides clear, actionable next steps. The tone is perfectly matched to be encouraging and supportive while maintaining professionalism. It's a great example of an HR response."
20,10,10,10,10,10,9,9.8,"An outstanding, empathetic, and professional reply that thoroughly addresses the employee's concerns, validates their feelings, and provides clear, actionable next steps while assuring discretion and support. It perfectly balances direct advice with an offer for further personalized assistance."
21,10,9,9,10,10,9,9.5,"An excellent, professional, and thorough response that perfectly acknowledges the user's feedback, validates their suggestion, and confirms action taken. The tone is perfectly matched."
22,10,9,9,10,10,9,9.5,"This is an excellent, professional, and empathetic reply to a feature request. It perfectly acknowledges the user's problem, validates their suggestion, and clearly communicates the next steps without making false promises. The tone is perfectly matched, and the grammar is flawless."
24,10,9,8,9,10,9,9.2,"This is an excellent, professional, and empathetic response to a feature request. It validates the user's problem, reiterates the benefits, and clearly outlines the next steps without making false promises. The tone is perfect for customer success."
25,10,9,8,9,10,8,9.0,"A very professional, thorough, and appreciative response that effectively acknowledges the suggestion and outlines the next steps, while managing expectations appropriately."
26,9,9,8,9,10,9,9.0,"This is an excellent, professional, and empathetic response to a critical feature request. It effectively acknowledges the user's need, confirms understanding, and outlines clear next steps, while maintaining a positive customer relationship."
27,10,9,9,10,10,9,9.5,"An excellent, professional, and empathetic response that clearly acknowledges the sender's suggestion, validates its value, and outlines the next steps taken."
28,10,9,9,10,10,9,9.5,"The AI-generated email is exceptionally professional and directly addresses all points raised in the incoming message. It confirms the roadmap item, acknowledges the specific needs, and maintains an excellent tone."
29,10,9,9,10,10,9,9.5,"An outstanding and empathetic response that perfectly addresses the user's urgent feature request. It acknowledges the problem, validates the solution, and clearly communicates immediate action and commitment to user feedback, all while managing expectations appropriately."
30,10,9,9,10,10,9,9.5,"This is an excellent, professional, and empathetic reply. It successfully acknowledges the user's positive feedback, clearly understands and validates their pain points and specific suggestions, and outlines a concrete internal action (passing the request to the product team). The tone is perfectly matched, and the grammar and conciseness are exemplary. It manages expectations well without over-promising, which is crucial for a feature request."
31,10,9,9,9,10,8,9.2,"An excellent, empathetic, and professional first response to a critical customer issue, clearly outlining the next steps and requesting necessary information for diagnosis."
32,10,10,10,10,10,9,9.8,"An outstanding customer service reply: empathetic, comprehensive, and offers clear solutions. Very well done."
34,10,9,9,10,10,9,9.5,"An exceptionally empathetic and professional response that comprehensively addresses the customer's distress and outlines clear, actionable steps for resolution."
