id,category,BLEU,ROUGE_L,BERTScore,Grammar_x,Length,LocalScore,Professionalism,Completeness,Helpfulness,ToneMatch,Grammar_y,Conciseness,LLMScore,Feedback,LLMScoreNorm,FinalScore,Rating
1,HR Query,0.2135,0.5098,0.9356,1,0.9388,68.51,10,10,10,10,10,10,10,"A perfectly clear, concise, and professional response that directly confirms the user's inquiry and offers further assistance.",1,78.6,Good
2,HR Query,0.0121,0.3158,0.8868,1,0.5797,53.84,10,8,10,10,10,10,9.7,"An excellent, reassuring, and professional response that clearly outlines the next steps and sets a clear timeline for Olivia.",0.97,69.91,Fair
3,HR Query,0.0182,0.2326,0.8717,1,0.64,51.8,10,9,10,10,10,9,9.7,"This is an excellent, professional, and empathetic response. It addresses the user's urgency, clearly requests necessary information for troubleshooting, and provides reassurance regarding the deadline and potential alternative solutions. Flawless grammar and appropriate conciseness.",0.97,68.22,Fair
4,HR Query,0.0188,0.2222,0.8815,1,0.4122,49.72,10,10,10,10,10,9,9.8,"This is an exceptionally well-crafted HR response. It is professional, directly answers all inquiries, provides clear actionable steps, and maintains a warm, supportive tone. Grammar is perfect and it's concise without sacrificing completeness or helpfulness.",0.98,68.77,Fair
5,HR Query,0.021,0.2137,0.9019,1,0.8676,55.03,10,9,9,10,10,9,9.5,"An excellent, professional, and comprehensive reply that effectively addresses all concerns and sets clear next steps.",0.95,68.34,Fair
6,HR Query,0.0389,0.3043,0.8896,1,0.5431,53.85,10,10,10,10,10,9,9.8,"An exceptionally clear, professional, and helpful response that directly answers all questions, provides necessary context, and directs the user to further resources efficiently.",0.98,70.58,Good
7,HR Query,0.3353,0.5926,0.9416,1,0.9245,73.14,10,10,10,10,10,10,10,"An exceptionally clear, professional, and complete confirmation email.",1,81.87,Very Good
8,HR Query,0.0477,0.3026,0.9069,1,0.7738,57.07,10,10,10,10,10,10,10,"An exceptionally well-crafted, professional, and helpful response that perfectly addresses the sender's request with clear next steps.",1,72,Good
9,HR Query,0.0083,0.2449,0.8792,1,0.5366,51.22,10,6,8,10,10,9,8.8,"The reply is highly professional, grammatically perfect, and maintains an excellent tone. It's concise and effectively directs the sender to the comprehensive information on the HR intranet. However, it only provides a very high-level overview of 'how the program works' and defers the specific 'bonus structure' question without providing any direct details in the email, which slightly impacts its completeness and immediate helpfulness.",0.88,65.37,Fair
10,HR Query,0.0204,0.22,0.8843,1,0.6496,52.2,10,6,9,10,10,9,9,"This is a highly professional and supportive email. It sets the right tone with congratulations and clearly outlines the helpful next steps. While it doesn't provide the requested information directly in the email, it proposes a very efficient and personalized method (a meeting) to deliver that information comprehensively, which is often ideal for complex topics like maternity leave. The grammar and conciseness are excellent.",0.9,66.06,Fair
11,HR Query,0.2211,0.4066,0.9202,1,0.98,65.79,10,9,10,10,10,9,9.7,"An excellent, empathetic, and professional response that provides clear next steps and reassurance, perfectly addressing the sender's concerns.",0.97,75.57,Good
12,HR Query,0.2161,0.3686,0.9104,1,0.9281,63.79,10,9,9,10,10,9,9.5,"This is an excellent, empathetic, and professional response. It effectively acknowledges Maya's difficult situation, clearly communicates the necessary next step (confirming the exact date), and reassures her of the company's support. The tone is perfect for the circumstances.",0.95,73.88,Good
13,HR Query,0.116,0.2894,0.8924,1,0.5793,55.51,10,9,10,10,10,9,9.7,"An exceptionally well-crafted reply that is empathetic, comprehensive, and highly helpful, guiding the employee clearly while offering personalized support.",0.97,71.26,Good
14,HR Query,0.2537,0.4697,0.9267,1,0.9572,68.09,10,10,10,10,10,9,9.8,"This is an exceptionally well-crafted HR response. It's empathetic, professional, reassuring, and proactive, offering a clear path forward for Chloe. The tone is perfect, and it addresses all her concerns directly and supportively.",0.98,77.59,Good
15,HR Query,0.2289,0.4409,0.9228,1,0.8557,65.68,10,9,10,10,10,9,9.7,"This is an excellent HR response. It is highly professional, empathetic, and effectively addresses the sender's sensitive concerns by proposing the most appropriate next step: a confidential discussion. It assures the sender of discretion and support while avoiding premature advice in writing, which is crucial in such situations.",0.97,76.3,Good
16,HR Query,0.1626,0.3352,0.9153,1,0.852,61.34,10,9,10,10,10,9,9.7,"An exceptionally professional, empathetic, and clear response that effectively sets the stage for a supportive discussion.",0.97,73.45,Good
17,HR Query,0.2035,0.4314,0.9224,1,0.9143,65.5,10,10,10,10,10,9,9.8,"An exceptionally empathetic and professional HR response that comprehensively addresses the employee's concerns, validates their feelings, and clearly outlines the next steps for a confidential discussion.",0.98,76.11,Good
18,HR Query,0.1628,0.3627,0.9148,1,0.9091,62.58,10,9,10,10,10,9,9.7,"An empathetic, professional, and helpful response that effectively addresses the employee's concerns and outlines a clear path forward.",0.97,73.85,Good
19,HR Query,0.1434,0.3077,0.9024,1,0.8872,60.04,10,9,10,10,10,9,9.7,"This is an excellent professional reply. It effectively acknowledges the sender's aspirations, validates their feelings, and provides clear, actionable next steps. The tone is perfectly matched to be encouraging and supportive while maintaining professionalism. It's a great example of an HR response.",0.97,72.3,Good
20,HR Query,0.1164,0.2479,0.8865,1,0.9573,57.99,10,10,10,10,10,9,9.8,"An outstanding, empathetic, and professional reply that thoroughly addresses the employee's concerns, validates their feelings, and provides clear, actionable next steps while assuring discretion and support. It perfectly balances direct advice with an offer for further personalized assistance.",0.98,70.79,Good
21,Feature Request,0.184,0.4433,0.9243,1,0.7339,63.69,10,9,9,10,10,9,9.5,"An excellent, professional, and thorough response that perfectly acknowledges the user's feedback, validates their suggestion, and confirms action taken. The tone is perfectly matched.",0.95,75.01,Good
22,Feature Request,0.2955,0.4906,0.9326,1,0.8142,68.29,10,9,9,10,10,9,9.5,"This is an excellent, professional, and empathetic reply to a feature request. It perfectly acknowledges the user's problem, validates their suggestion, and clearly communicates the next steps without making false promises. The tone is perfectly matched, and the grammar is flawless.",0.95,77.68,Good
24,Feature Request,0.1724,0.4174,0.9087,1,0.8512,63.28,10,9,8,9,10,9,9.2,"This is an excellent, professional, and empathetic response to a feature request. It validates the user's problem, reiterates the benefits, and clearly outlines the next steps without making false promises. The tone is perfect for customer success.",0.92,72.85,Good
25,Feature Request,0.1481,0.3346,0.9135,1,0.5625,58.06,10,9,8,9,10,8,9,"A very professional, thorough, and appreciative response that effectively acknowledges the suggestion and outlines the next steps, while managing expectations appropriately.",0.9,70.71,Good
26,Feature Request,0.1111,0.3649,0.9184,1,0.689,59.56,9,9,8,9,10,9,9,"This is an excellent, professional, and empathetic response to a critical feature request. It effectively acknowledges the user's need, confirms understanding, and outlines clear next steps, while maintaining a positive customer relationship.",0.9,70.78,Good
27,Feature Request,0.1611,0.3426,0.9177,1,0.6597,59.68,10,9,9,10,10,9,9.5,"An excellent, professional, and empathetic response that clearly acknowledges the sender's suggestion, validates its value, and outlines the next steps taken.",0.95,72.92,Good
28,Feature Request,0.1286,0.3617,0.9141,1,0.8176,60.92,10,9,9,10,10,9,9.5,"The AI-generated email is exceptionally professional and directly addresses all points raised in the incoming message. It confirms the roadmap item, acknowledges the specific needs, and maintains an excellent tone.",0.95,72.6,Good
29,Feature Request,0.1194,0.3071,0.909,1,0.7107,58.08,10,9,9,10,10,9,9.5,"An outstanding and empathetic response that perfectly addresses the user's urgent feature request. It acknowledges the problem, validates the solution, and clearly communicates immediate action and commitment to user feedback, all while managing expectations appropriately.",0.95,71.46,Good
30,Feature Request,0.1725,0.3466,0.9151,1,0.8231,61.52,10,9,9,10,10,9,9.5,"This is an excellent, professional, and empathetic reply. It successfully acknowledges the user's positive feedback, clearly understands and validates their pain points and specific suggestions, and outlines a concrete internal action (passing the request to the product team). The tone is perfectly matched, and the grammar and conciseness are exemplary. It manages expectations well without over-promising, which is crucial for a feature request.",0.95,73.06,Good
31,Customer Complaint,0.1612,0.3119,0.8886,1,0.8087,59.1,10,9,9,9,10,8,9.2,"An excellent, empathetic, and professional first response to a critical customer issue, clearly outlining the next steps and requesting necessary information for diagnosis.",0.92,70.4,Good
32,Customer Complaint,0.1268,0.392,0.9018,1,0.6095,59.01,10,10,10,10,10,9,9.8,"An outstanding customer service reply: empathetic, comprehensive, and offers clear solutions. Very well done.",0.98,73.65,Good
34,Customer Complaint,0.0755,0.269,0.8922,1,1,58.38,10,9,9,10,10,9,9.5,"An exceptionally empathetic and professional response that comprehensively addresses the customer's distress and outlines clear, actionable steps for resolution.",0.95,69.64,Fair
